Month,"Tarbela Storage 
Monthly Average (MAF)","Mangla Storage 
Monthly Average (MAF)",Combine
Apr-15,2.028366667,3.0719,5.100266667
May-15,2.928806452,4.943129032,7.871935484
Jun-15,2.338866667,5.890833333,8.2297
Jul-15,4.478225806,6.630129032,11.10835484
Aug-15,6.402612903,7.215677419,13.61829032
Sep-15,5.199933333,6.692133333,11.89206667
Oct-15,3.576580645,5.538354839,9.114935484
Nov-15,4.069233333,4.665833333,8.735066667
Dec-15,3.402483871,3.507903226,6.910387097
Jan-16,3.447967742,3.442483871,6.890451613
Feb-16,2.996034483,2.351965517,5.348
Mar-16,1.650322581,1.029,2.679322581
Apr-16,2.722233333,1.757633333,4.479866667
May-16,1.831,2.885258065,4.716258065
Jun-16,2.544066667,4.704,7.248066667
Jul-16,4.391967742,6.013516129,10.40548387
Aug-16,5.492580645,7.169225806,12.66180645
Sep-16,5.127966667,6.1941,11.32206667
Oct-16,3.981322581,4.357935484,8.339258065
Nov-16,2.638933333,2.8712,5.510133333
Dec-16,0.894935484,1.15283871,2.047774194
Jan-17,0.936096774,0.685354839,1.621451613
Feb-17,0.93025,0.764178571,1.694428571
Mar-17,0.082903226,0.173290323,0.256193548
Apr-17,0.1517,0.9467,1.0984
May-17,0.657774194,1.614612903,2.272387097
Jun-17,1.599,3.375066667,4.974066667
Jul-17,3.708580645,5.256193548,8.964774194
Aug-17,5.779709677,6.625032258,12.40474194
Sep-17,4.712633333,5.730333333,10.44296667
Oct-17,2.942580645,3.7159,6.658480645
Nov-17,2.024266667,2.413633333,4.4379
Dec-17,1.179193548,0.932709677,2.111903226
Jan-18,1.336741935,0.730709677,2.067451613
Feb-18,0.719142857,0.416785714,1.135928571
Mar-18,0.000387097,0.040870968,0.041258065
Apr-18,0.088033333,0.185033333,0.273066667
May-18,0.034290323,0.277290323,0.311580645
Jun-18,0.7702,0.5699,1.3401
Jul-18,1.27816129,1.057451613,2.335612903
Aug-18,5.407580645,2.446354839,7.853935484
Sep-18,5.0659,2.911633333,7.977533333
Oct-18,2.733,2.12016129,4.85316129
Nov-18,1.722766667,1.646166667,3.368933333
Dec-18,0.602935484,0.784,1.386935484
Jan-19,0.820258065,0.679225806,1.499483871
Feb-19,0.55125,0.874892857,1.426142857
Mar-19,0.01683871,0.837419355,0.854258065
Apr-19,0.377566667,1.360466667,1.738033333
May-19,0.339741935,2.152645161,2.492387097
Jun-19,0.1606,1.847066667,2.007666667
Jul-19,2.325322581,2.420064516,4.745387097
Aug-19,5.811032258,4.904322581,10.71535484
Sep-19,5.668566667,5.647566667,11.31613333
Oct-19,4.739709677,4.594419355,9.334129032
Nov-19,3.744466667,3.8037,7.548166667
Dec-19,2.415806452,3.099225806,5.515032258
Jan-20,2.54516129,3.263903226,5.809064516
Feb-20,1.801310345,3.210103448,5.011413793
Mar-20,1.227258065,2.826258065,4.053516129
Apr-20,2.2344,4.1501,6.3845
May-20,1.703612903,5.188225806,6.89183871
Jun-20,1.213466667,5.032633333,6.2461
Jul-20,1.610870968,6.047129032,7.658
Aug-20,4.392096774,6.868741935,11.26083871
Sep-20,5.955266667,7.1117,13.06696667
Oct-20,4.961032258,5.604258065,10.56529032
Nov-20,3.689566667,4.0371,7.726666667
Dec-20,2.288806452,2.708870968,4.997677419
Jan-21,1.975419355,2.665322581,4.640741935
Feb-21,0.955678571,2.261892857,3.217571429
Mar-21,0.26383871,0.678322581,0.94216129
Apr-21,0.272,0.844533333,1.116533333
May-21,0.15683871,0.554193548,0.711032258
Jun-21,0.945733333,1.372133333,2.317866667
Jul-21,1.787322581,2.526774194,4.314096774
Aug-21,5.331645161,4.325806452,9.657451613
Sep-21,4.717133333,3.8337,8.550833333
Oct-21,3.808322581,3.278903226,7.087225806
Nov-21,2.7646,2.529866667,5.294466667
Dec-21,0.992645161,1.059709677,2.052354839
Jan-22,0.930354839,1.126064516,2.056419355
Feb-22,0.481428571,1.292821429,1.77425
Mar-22,0,0.26416129,0.26416129
Apr-22,0,0.195166667,0.195166667
May-22,0.10083871,0.156612903,0.257451613
Jun-22,0.004766667,0.1461,0.150866667
Jul-22,2.592193548,1.002193548,3.594387097
Aug-22,5.539580645,2.740419355,8.28
Sep-22,5.827,3.798,9.625
Oct-22,5.165677419,3.030709677,8.196387097
Nov-22,4.158133333,1.680133333,5.838266667
Dec-22,3.008193548,0.912645161,3.92083871
Jan-23,2.987096774,0.874516129,3.861612903
Feb-23,2.25625,0.882178571,3.138428571
Mar-23,0.674354839,0.405322581,1.079677419
Apr-23,0.689633333,0.594666667,1.2843
May-23,0.576967742,0.791419355,1.368387097
Jun-23,1.2351,1.719133333,2.954233333
Jul-23,4.186967742,4.652322581,8.839290323
Aug-23,5.676451613,7.109677419,12.78612903
Sep-23,5.6557,6.868766667,12.52446667
Oct-23,4.706258065,5.261258065,9.967516129
Nov-23,3.6879,3.696,7.3839
Dec-23,2.377193548,2.356741935,4.733935484
Jan-24,2.202322581,2.094870968,4.297193548
Feb-24,1.30162069,1.349862069,2.651482759
Mar-24,0.549258065,0.344483871,0.893741935
Apr-24,0.562533333,0.8313,1.393833333
May-24,1.74483871,2.805064516,4.549903226
Jun-24,1.4388,3.340433333,4.779233333
Jul-24,3.80216129,3.925,7.72716129
Aug-24,5.469387097,5.03383871,10.50322581
Sep-24,5.444033333,5.916733333,11.36076667
Oct-24,4.920387097,4.36616129,9.286548387
Nov-24,3.725866667,2.667366667,6.393233333
Dec-24,2.177129032,1.398612903,3.575741935
Jan-25,2.06683871,1.176387097,3.243225806
Feb-25,0.956464286,0.778392857,1.734857143
Mar-25,0.033774194,0.144193548,0.177967742
